Effective date,S&P Transportation Select Industry Index
2019-11-20,4184.12
2019-11-21,4183.79
2019-11-22,4217.11
2019-11-25,4283.25
2019-11-26,4292.98
2019-11-27,4292.68
2019-11-29,4253.33
2019-12-02,4200.13
2019-12-03,4121.76
2019-12-04,4140.51
2019-12-05,4145.45
2019-12-06,4198
2019-12-09,4202.3
2019-12-10,4179.41
2019-12-11,4193.47
2019-12-12,4231.2
2019-12-13,4208.88
2019-12-16,4250.37
2019-12-17,4271.77
2019-12-18,4242.15
2019-12-19,4248.57
2019-12-20,4281.95
2019-12-23,4268.1
2019-12-24,4280.01
2019-12-26,4288.74
2019-12-27,4266.91
2019-12-30,4237.88
2019-12-31,4253.6
2020-01-02,4294.38
2020-01-03,4255.11
2020-01-06,4236.8
2020-01-07,4249.22
2020-01-08,4284.34
2020-01-09,4307.44
2020-01-10,4296.03
2020-01-13,4336.73
2020-01-14,4387.62
2020-01-15,4398.98
2020-01-16,4463.34
2020-01-17,4442.79
2020-01-21,4374.28
2020-01-22,4352.7
2020-01-23,4396.3
2020-01-24,4343.17
2020-01-27,4241.42
2020-01-28,4276.14
2020-01-29,4268.83
2020-01-30,4266.87
2020-01-31,4159.09
2020-02-03,4189.51
2020-02-04,4277.18
2020-02-05,4341.87
2020-02-06,4316.59
2020-02-07,4335.97
2020-02-10,4337.16
2020-02-11,4365.57
2020-02-12,4408.22
2020-02-13,4399.1
2020-02-14,4346.61
2020-02-18,4346.84
2020-02-19,4374.84
2020-02-20,4435.35
2020-02-21,4390.31
2020-02-24,4197.97
2020-02-25,3979.76
2020-02-26,3843.94
2020-02-27,3675.84
2020-02-28,3637.42
2020-03-02,3660.44
2020-03-03,3557.95
2020-03-04,3668.59
2020-03-05,3428.35
2020-03-06,3400.92
2020-03-09,3113.66
2020-03-10,3273.31
2020-03-11,3091.37
2020-03-12,2730.31
2020-03-13,2957.33
2020-03-16,2631.88
2020-03-17,2789.56
2020-03-18,2519.57
2020-03-19,2567.39
2020-03-20,2511.41
2020-03-23,2531.05
2020-03-24,2840.63
2020-03-25,2932.36
2020-03-26,3030.26
2020-03-27,2872.58
2020-03-30,2885.99
2020-03-31,2889.42
2020-04-01,2699.63
2020-04-02,2686.86
2020-04-03,2605.37
2020-04-06,2812.43
2020-04-07,2881.95
2020-04-08,2990.54
2020-04-09,3070.16
2020-04-13,2961.56
2020-04-14,3013.98
2020-04-15,2949.55
2020-04-16,2926.09
2020-04-17,3022.62
2020-04-20,2932.59
2020-04-21,2883.4
2020-04-22,2887.98
2020-04-23,2932.72
2020-04-24,2991.48
2020-04-27,3097.93
2020-04-28,3155.87
2020-04-29,3282.04
2020-04-30,3176.68
2020-05-01,3069.22
2020-05-04,3015.71
2020-05-05,3041.7
2020-05-06,2997.49
2020-05-07,3057.81
2020-05-08,3183.4
2020-05-11,3150.5
2020-05-12,3051.8
2020-05-13,2970.21
2020-05-14,2980.8
2020-05-15,2959.63
2020-05-18,3180.16
2020-05-19,3139.82
2020-05-20,3223.34
2020-05-21,3227.78
2020-05-22,3246.6
2020-05-26,3387.17
2020-05-27,3499.52
2020-05-28,3433.66
2020-05-29,3440.88
2020-06-01,3461.54
2020-06-02,3509.72
2020-06-03,3616.85
2020-06-04,3713.16
2020-06-05,3814.57
2020-06-08,3894.51
2020-06-09,3784.75
2020-06-10,3687.68
2020-06-11,3376.65
2020-06-12,3484.92
2020-06-15,3536.76
2020-06-16,3591.08
2020-06-17,3577.93
2020-06-18,3583.4
2020-06-19,3518.2
2020-06-22,3486.38
2020-06-23,3524.64
2020-06-24,3377.63
2020-06-25,3404.38
2020-06-26,3336.48
2020-06-29,3455.01
2020-06-30,3492.02
2020-07-01,3453.45
2020-07-02,3486.93
2020-07-06,3563.07
2020-07-07,3517.23
2020-07-08,3543.38
2020-07-09,3449.42
2020-07-10,3551.33
2020-07-13,3496.03
2020-07-14,3552.58
2020-07-15,3702.26
2020-07-16,3678.96
2020-07-17,3707.78
2020-07-20,3647.8
2020-07-21,3668.4
2020-07-22,3644.77
2020-07-23,3649.53
2020-07-24,3612.85
2020-07-27,3632.3
2020-07-28,3594.93
2020-07-29,3625.57
2020-07-30,3609.58
2020-07-31,3600.19
2020-08-03,3609.65
2020-08-04,3662.17
2020-08-05,3713.87
2020-08-06,3737.49
2020-08-07,3795.46
2020-08-10,3904.77
2020-08-11,3929.51
2020-08-12,3939.6
2020-08-13,3899.35
2020-08-14,3905.99
2020-08-17,3868.2
2020-08-18,3847.14
2020-08-19,3864.78
2020-08-20,3873.35
2020-08-21,3874.11
2020-08-24,3967.81
2020-08-25,3953.5
2020-08-26,3947.59
2020-08-27,4002.89
2020-08-28,4053.91
2020-08-31,3986.12
2020-09-01,4031.14
2020-09-02,4066.82
2020-09-03,3981.29
2020-09-04,4000.57
2020-09-08,3977.26
2020-09-09,4012.39
2020-09-10,3985.77
2020-09-11,3997.51
2020-09-14,4021.25
2020-09-15,4053.36
2020-09-16,4083.38
2020-09-17,4069.88
2020-09-18,3998.58
2020-09-21,3843.8
2020-09-22,3853.06
2020-09-23,3798.97
2020-09-24,3783.79
2020-09-25,3827.03
2020-09-28,3917.2
2020-09-29,3851.36
2020-09-30,3838.64
2020-10-01,3863.2
2020-10-02,3916.22
2020-10-05,3966.99
2020-10-06,3918.15
2020-10-07,4013.72
2020-10-08,4066.78
2020-10-09,4086.2
2020-10-12,4076.9
2020-10-13,4030.61
2020-10-14,4066.99
2020-10-15,4085.59
2020-10-16,4036.9
2020-10-19,4004.22
2020-10-20,4073.4
2020-10-21,4035.45
2020-10-22,4136.26
2020-10-23,4163.54
2020-10-26,4040.41
2020-10-27,3956.36
2020-10-28,3796.74
2020-10-29,3897.26
2020-10-30,3874.77
2020-11-02,3899.54
2020-11-03,4001.82
2020-11-04,3981.04
2020-11-05,4111.37
2020-11-06,4072.31
2020-11-09,4369.31
2020-11-10,4390.28
2020-11-11,4324.06
2020-11-12,4240.56
2020-11-13,4382.25
2020-11-16,4517.26
2020-11-17,4525.57
2020-11-18,4513.52
2020-11-19,4522.92
2020-11-20,4455.19
2020-11-23,4545
2020-11-24,4708.98
2020-11-25,4682.6
2020-11-27,4668.96
2020-11-30,4598.23
2020-12-01,4642.53
2020-12-02,4675.59
2020-12-03,4744.06
2020-12-04,4818.35
2020-12-07,4789.58
2020-12-08,4804.96
2020-12-09,4803.09
2020-12-10,4823.47
2020-12-11,4772.3
2020-12-14,4675.23
2020-12-15,4739.13
2020-12-16,4721.79
2020-12-17,4767.08
2020-12-18,4745.99
2020-12-21,4713.09
2020-12-22,4688.2
2020-12-23,4732.06
2020-12-24,4729.04
2020-12-28,4736.44
2020-12-29,4705.46
2020-12-30,4735.23
2020-12-31,4722.43
2021-01-04,4610.39
2021-01-05,4684.79
2021-01-06,4821.42
2021-01-07,4868.79
2021-01-08,4859.19
2021-01-11,4844.48
2021-01-12,4935.35
2021-01-13,4898.45
2021-01-14,4992.76
2021-01-15,4893.17
2021-01-19,4917.45
2021-01-20,5009.41
2021-01-21,4937.03
2021-01-22,4919.5
2021-01-25,4898.9
2021-01-26,4850.58
2021-01-27,4695.39
2021-01-28,4744.81
2021-01-29,4615.27
2021-02-01,4702.44
2021-02-02,4783.24
2021-02-03,4819.16
2021-02-04,4952.79
2021-02-05,4968.78
2021-02-08,5066.9
2021-02-09,5104.1
2021-02-10,5131.23
2021-02-11,5083.5
2021-02-12,5152.07
2021-02-16,5178.5
2021-02-17,5185.26
2021-02-18,5191.85
2021-02-19,5333.8
2021-02-22,5394.36
2021-02-23,5429.62
2021-02-24,5520.12
2021-02-25,5386.46
2021-02-26,5385.35
2021-03-01,5489.16
2021-03-02,5496.04
2021-03-03,5563.9
2021-03-04,5434.4
2021-03-05,5534.34
2021-03-08,5649.42
2021-03-09,5660.27
2021-03-10,5680.5
2021-03-11,5739.1
2021-03-12,5846.9
2021-03-15,5934.02
2021-03-16,5800.31
2021-03-17,5869.25
2021-03-18,5833.05
2021-03-19,5830.76
2021-03-22,5731.28
2021-03-23,5566.97
2021-03-24,5555.12
2021-03-25,5677.28
2021-03-26,5820.33
2021-03-29,5766.86
2021-03-30,5883.61
2021-03-31,5833.89
2021-04-01,5900.85
2021-04-05,5978.19
2021-04-06,5969.59
2021-04-07,5916.7
2021-04-08,5925.3
2021-04-09,5959.34
2021-04-12,5957.32
2021-04-13,5939.77
2021-04-14,5947.36
2021-04-15,5973.63
2021-04-16,5969.85
2021-04-19,5906.88
2021-04-20,5821.22
2021-04-21,5862.87
2021-04-22,5822.99
2021-04-23,5929.47
2021-04-26,5908.79
2021-04-27,5945.92
2021-04-28,5924.68
2021-04-29,5957.6
2021-04-30,5935.85
2021-05-03,6017.55
2021-05-04,5987.39
2021-05-05,6026.32
2021-05-06,6009.54
2021-05-07,6106.16
2021-05-10,6071.91
2021-05-11,5986.49
2021-05-12,5807.45
2021-05-13,5954.7
2021-05-14,6094.32
2021-05-17,6101.24
2021-05-18,6043.62
2021-05-19,5992.8
2021-05-20,5946.93
2021-05-21,5951.42
2021-05-24,6006.06
2021-05-25,5944.56
2021-05-26,6025.32
2021-05-27,6073.9
2021-05-28,6068.06
2021-06-01,6123.15
2021-06-02,6040.77
2021-06-03,5980.51
2021-06-04,5935.93
2021-06-07,5944.53
2021-06-08,5989.61
2021-06-09,5918.92
2021-06-10,5839.06
2021-06-11,5924.5
2021-06-14,5871.64
2021-06-15,5888.2
2021-06-16,5841.5
2021-06-17,5710.51
2021-06-18,5629.96
2021-06-21,5747.42
2021-06-22,5757.75
2021-06-23,5757.65
2021-06-24,5785.13
2021-06-25,5769.69
2021-06-28,5674.86
2021-06-29,5668.7
2021-06-30,5668.85
2021-07-01,5748.61
2021-07-02,5722.49
2021-07-06,5639.63
2021-07-07,5625.73
2021-07-08,5512.94
2021-07-09,5652.84
2021-07-12,5642.86
2021-07-13,5564.42
2021-07-14,5561.7
2021-07-15,5554.15
2021-07-16,5409.71
2021-07-19,5278.47
2021-07-20,5440.68
2021-07-21,5530.27
2021-07-22,5496.38
2021-07-23,5536.57
2021-07-26,5575.18
2021-07-27,5489.88
2021-07-28,5496.33
2021-07-29,5589.28
2021-07-30,5541.45
2021-08-02,5518.6
2021-08-03,5600.65
2021-08-04,5472.83
2021-08-05,5579.87
2021-08-06,5620.26
2021-08-09,5550.73
2021-08-10,5647.13
2021-08-11,5750.28
2021-08-12,5738.26
2021-08-13,5736.04
2021-08-16,5736.18
2021-08-17,5660.91
2021-08-18,5614.53
2021-08-19,5509.66
2021-08-20,5562.86
2021-08-23,5654.79
2021-08-24,5711.21
2021-08-25,5756.66
2021-08-26,5707.2
2021-08-27,5810.34
2021-08-30,5777.75
2021-08-31,5733.09
2021-09-01,5765.64
2021-09-02,5829.83
2021-09-03,5777.34
2021-09-07,5769.34
2021-09-08,5704.68
2021-09-09,5696.78
2021-09-10,5692.38
2021-09-13,5751.93
2021-09-14,5687.84
2021-09-15,5753
2021-09-16,5789.21
2021-09-17,5727.76
2021-09-20,5657.72
2021-09-21,5671.98
2021-09-22,5726.64
2021-09-23,5838.36
2021-09-24,5890.17
2021-09-27,5967.55
2021-09-28,5894.75
2021-09-29,5848.39
2021-09-30,5774.23
2021-10-01,5910.79
2021-10-04,5863.76
2021-10-05,5950
2021-10-06,5939.91
2021-10-07,5914.6
2021-10-08,5911.15
2021-10-11,5864.48
2021-10-12,5916.5
2021-10-13,5848.64
2021-10-14,5906.26
2021-10-15,5954.13
2021-10-18,5977.08
2021-10-19,5963.64
2021-10-20,5999.05
2021-10-21,6058.69
2021-10-22,6054.39
2021-10-25,6094.25
2021-10-26,6092.36
2021-10-27,5973.88
2021-10-28,6098.54
2021-10-29,6062.56
2021-11-01,6175.23
2021-11-02,6444.21
2021-11-03,6487.97
2021-11-04,6460.98
2021-11-05,6555.47
2021-11-08,6592.49
2021-11-09,6527.95
2021-11-10,6432.78
2021-11-11,6485.74
2021-11-12,6485.29
2021-11-15,6495.57
2021-11-16,6484.5
2021-11-17,6427.2
2021-11-18,6362.88
2021-11-19,6353.25
2021-11-22,6400.21
2021-11-23,6406.39
2021-11-24,6415.42
2021-11-26,6160.89
2021-11-29,6207.98
2021-11-30,6023.95
2021-12-01,5828.84
2021-12-02,6050.73
2021-12-03,6010.78
2021-12-06,6187
2021-12-07,6221.72
2021-12-08,6233.83
2021-12-09,6201.79
2021-12-10,6183.34
2021-12-13,6100.52
2021-12-14,6027.86
2021-12-15,6068.02
2021-12-16,5970.8
2021-12-17,5970.16
2021-12-20,5904.55
2021-12-21,6108.65
2021-12-22,6147.86
2021-12-23,6249.96
2021-12-27,6296.14
2021-12-28,6302.61
2021-12-29,6286.97
2021-12-30,6278.46
2021-12-31,6306.08
2022-01-03,6329.21
2022-01-04,6394.54
2022-01-05,6212.19
2022-01-06,6162.44
2022-01-07,6157.09
2022-01-10,6061.95
2022-01-11,6118.02
2022-01-12,6089.45
2022-01-13,6110.14
2022-01-14,6053.66
2022-01-18,5925.24
2022-01-19,5846.99
2022-01-20,5810.83
2022-01-21,5652.84
2022-01-24,5712.55
2022-01-25,5642.61
2022-01-26,5563.77
2022-01-27,5477.22
2022-01-28,5558.04
2022-01-31,5734.46
2022-02-01,5856.46
2022-02-02,5810.38
2022-02-03,5682.46
2022-02-04,5625.29
2022-02-07,5694.51
2022-02-08,5822.67
2022-02-09,5992.06
2022-02-10,5908.86
2022-02-11,5755.99
2022-02-14,5764.78
2022-02-15,5962.39
2022-02-16,5974.23
2022-02-17,5855.48
2022-02-18,5809.23
2022-02-22,5727.15
2022-02-23,5609.91
2022-02-24,5725.3
2022-02-25,5858.35
2022-02-28,5864.43
2022-03-01,5730
2022-03-02,5845.62
2022-03-03,5746.91
2022-03-04,5632.05
2022-03-07,5340.99
2022-03-08,5422.99
2022-03-09,5600.7
2022-03-10,5599.91
2022-03-11,5527.24
2022-03-14,5454.75
2022-03-15,5589.59
2022-03-16,5867.85
2022-03-17,5929.61
2022-03-18,5991.83
2022-03-21,5892.16
2022-03-22,5971.69
2022-03-23,5876.74
2022-03-24,5934.22
2022-03-25,5943.34
2022-03-28,5973.32
2022-03-29,6123.74
2022-03-30,6039.01
2022-03-31,5947.16
2022-04-01,5763.86
2022-04-04,5750.54
2022-04-05,5598.37
2022-04-06,5410.34
2022-04-07,5360.03
2022-04-08,5299.55
2022-04-11,5300.06
2022-04-12,5328.06
2022-04-13,5509.9
2022-04-14,5504.65
2022-04-18,5477.3
2022-04-19,5644
2022-04-20,5687.38
2022-04-21,5691.39
2022-04-22,5565.66
2022-04-25,5612.43
2022-04-26,5418.15
2022-04-27,5437.03
2022-04-28,5593.65
2022-04-29,5445.72
2022-05-02,5467.22
2022-05-03,5516.26
2022-05-04,5637.6
2022-05-05,5462.08
2022-05-06,5351.07
2022-05-09,5068.27
2022-05-10,5073.73
2022-05-11,4962.51
2022-05-12,4962.16
2022-05-13,5111.8
2022-05-16,5071.4
2022-05-17,5291.3
2022-05-18,4979.47
2022-05-19,4967.99
2022-05-20,4950.01
2022-05-23,5038.48
2022-05-24,4882.72
2022-05-25,4976.01
2022-05-26,5140.21
2022-05-27,5264.05
2022-05-31,5229.85
2022-06-01,5154.46
2022-06-02,5285.81
2022-06-03,5237.84
2022-06-06,5284.44
2022-06-07,5284.18
2022-06-08,5116.55
2022-06-09,4978.91
2022-06-10,4830.63
2022-06-13,4581.78
2022-06-14,4618.01
2022-06-15,4690.84
2022-06-16,4463.39
2022-06-17,4512.28
2022-06-21,4551.64
2022-06-22,4507.16
2022-06-23,4551.69
2022-06-24,4713.51
2022-06-27,4685.66
2022-06-28,4602.34
2022-06-29,4547.71
2022-06-30,4528.38
2022-07-01,4576.01
2022-07-05,4593.3
2022-07-06,4537.8
2022-07-07,4621.13
2022-07-08,4613.66
2022-07-11,4540.45
2022-07-12,4588.78
2022-07-13,4541.32
2022-07-14,4509.51
2022-07-15,4606.41
2022-07-18,4634.68
2022-07-19,4849.86
2022-07-20,4911.42
2022-07-21,4878.29
2022-07-22,4815.6
2022-07-25,4824.74
2022-07-26,4741.99
2022-07-27,4865.3
2022-07-28,5031.6
2022-07-29,5128.25
2022-08-01,5163.63
2022-08-02,5114
2022-08-03,5224.46
2022-08-04,5264.08
2022-08-05,5283.22
2022-08-08,5301.26
2022-08-09,5200.37
2022-08-10,5345.58
2022-08-11,5376.99
2022-08-12,5429.04
2022-08-15,5408.99
2022-08-16,5434.13
2022-08-17,5282.17
2022-08-18,5298.89
2022-08-19,5175.96
2022-08-22,5065.26
2022-08-23,5071.66
2022-08-24,5104.25
2022-08-25,5201.67
2022-08-26,5026.63
2022-08-29,4964.76
2022-08-30,4928.55
2022-08-31,4851.84
2022-09-01,4847.21
2022-09-02,4796.39
2022-09-06,4790.7
2022-09-07,4863.86
2022-09-08,4848.31
2022-09-09,4948.39
2022-09-12,5016.94
2022-09-13,4843.7
2022-09-14,4863.03
2022-09-15,4814.48
2022-09-16,4614.92
2022-09-19,4683.97
2022-09-20,4618.62
2022-09-21,4542.07
2022-09-22,4415.51
2022-09-23,4312.55
2022-09-26,4246.14
2022-09-27,4318.98
2022-09-28,4428.75
2022-09-29,4311.39
2022-09-30,4252.33
2022-10-03,4381.16
2022-10-04,4566.39
2022-10-05,4531.92
2022-10-06,4525.48
2022-10-07,4386.27
2022-10-10,4372.3
2022-10-11,4341.6
2022-10-12,4395.37
2022-10-13,4451.71
2022-10-14,4376.34
2022-10-17,4477.78
2022-10-18,4541.25
2022-10-19,4469.29
2022-10-20,4381.5
2022-10-21,4462.32
2022-10-24,4546.37
2022-10-25,4642.74
2022-10-26,4684.92
2022-10-27,4673.44
2022-10-28,4735.35
2022-10-31,4721.71
2022-11-01,4751.4
2022-11-02,4594.07
2022-11-03,4572.45
2022-11-04,4665.63
2022-11-07,4747.16
2022-11-08,4722.94
2022-11-09,4606.74
2022-11-10,4897.73
2022-11-11,5003.93
2022-11-14,4982.95
2022-11-15,5057.9
2022-11-16,4899.23
2022-11-17,4857.33
2022-11-18,4873.66
2022-11-21,4861.08
2022-11-22,4859.55
2022-11-23,4904.33
2022-11-25,4937.46
2022-11-28,4819.41
2022-11-29,4874.26
2022-11-30,4981.38
2022-12-01,4946.33
2022-12-02,4941.77
2022-12-05,4823.26
2022-12-06,4780.74
2022-12-07,4699.77
2022-12-08,4700.54
2022-12-09,4687.66
2022-12-12,4803.21
2022-12-13,4770.28
2022-12-14,4785.48
2022-12-15,4651.04
2022-12-16,4593.49
2022-12-19,4505.88
2022-12-20,4461.14
2022-12-21,4530.01
2022-12-22,4454.86
2022-12-23,4504.86
2022-12-27,4461.86
2022-12-28,4397.19
2022-12-29,4509.95
2022-12-30,4482.03
2023-01-03,4461.04
2023-01-04,4563.77
2023-01-05,4527.33
2023-01-06,4671.81
2023-01-09,4748.15
2023-01-10,4813.97
2023-01-11,4878.22
2023-01-12,4990.19
2023-01-13,4993.15
2023-01-17,4995.34
2023-01-18,4964.02
2023-01-19,4903.24
2023-01-20,5017.86
2023-01-23,5071.42
2023-01-24,5036.25
2023-01-25,5037.74
2023-01-26,5031.57
2023-01-27,5100.61
2023-01-30,4996.76
2023-01-31,5158.54
2023-02-01,5301.66
2023-02-02,5495.04
2023-02-03,5433.47
2023-02-06,5376.38
2023-02-07,5461.9
2023-02-08,5430.23
2023-02-09,5265.91
2023-02-10,5172.55
2023-02-13,5212.46
2023-02-14,5289.36
2023-02-15,5335.28
2023-02-16,5254.2
2023-02-17,5240.04
2023-02-21,5075.37
2023-02-22,5075.32
2023-02-23,5154.51
2023-02-24,5091.16
2023-02-27,5123.55
2023-02-28,5119.62
2023-03-01,5118.92
2023-03-02,5191.27
2023-03-03,5240.68
2023-03-06,5153.72
2023-03-07,5137.14
2023-03-08,5164.58
2023-03-09,5011.28
2023-03-10,4879.73
2023-03-13,4754.77
2023-03-14,4741.02
2023-03-15,4651.62
2023-03-16,4727.82
2023-03-17,4602.32
2023-03-20,4599.71
2023-03-21,4711.65
2023-03-22,4602.7
2023-03-23,4567.16
2023-03-24,4571.99
2023-03-27,4625.75
2023-03-28,4636.3
2023-03-29,4703.03
2023-03-30,4727.53
2023-03-31,4836.41
2023-04-03,4776.47
2023-04-04,4707.92
2023-04-05,4661.93
2023-04-06,4667.65
2023-04-10,4779.35
2023-04-11,4853.78
2023-04-12,4786.81
2023-04-13,4787.16
2023-04-14,4785.82
2023-04-17,4816.77
2023-04-18,4820.62
2023-04-19,4874.17
2023-04-20,4875.93
2023-04-21,4881.07
2023-04-24,4887.02
2023-04-25,4745.21
2023-04-26,4625.05
2023-04-27,4723.11
2023-04-28,4867.43
2023-05-01,4886.22
2023-05-02,4836.72
2023-05-03,4877.36
2023-05-04,4774.4
2023-05-05,4839.01
2023-05-08,4824.42
2023-05-09,4802.03
2023-05-10,4791.32
2023-05-11,4764.54
2023-05-12,4744.73
2023-05-15,4787.3
2023-05-16,4726.09
2023-05-17,4861.78
2023-05-18,4898.61
2023-05-19,4844.99
2023-05-22,4860.65
2023-05-23,4856.63
2023-05-24,4776.73
2023-05-25,4832.55
2023-05-26,4851.29
2023-05-30,4889.53
2023-05-31,4796.05
2023-06-01,4854.31
2023-06-02,4995.77
2023-06-05,4952.07
2023-06-06,5046.55
2023-06-07,5127.67
2023-06-08,5137.12
2023-06-09,5114.13
2023-06-12,5172.15
2023-06-13,5252.88
2023-06-14,5292.99
2023-06-15,5368.25
2023-06-16,5330.34
2023-06-20,5285.79
2023-06-21,5292.3
2023-06-22,5304.77
2023-06-23,5241.2
2023-06-26,5271.68
2023-06-27,5435.41
2023-06-28,5520.12
2023-06-29,5562.65
2023-06-30,5589.46
2023-07-03,5627.76
2023-07-05,5597.59
2023-07-06,5497.36
2023-07-07,5598.19
2023-07-10,5682.46
2023-07-11,5740.66
2023-07-12,5719.78
2023-07-13,5702.95
2023-07-14,5622.22
2023-07-17,5622.47
2023-07-18,5750.75
2023-07-19,5833.55
2023-07-20,5801.32
2023-07-21,5777.01
2023-07-24,5767.41
2023-07-25,5730.32
2023-07-26,5847.02
2023-07-27,5744.29
2023-07-28,5865.26
2023-07-31,5886.91
2023-08-01,5815.8
2023-08-02,5733.45
2023-08-03,5688.22
2023-08-04,5665.55
2023-08-07,5685.98
2023-08-08,5677.58
2023-08-09,5615.03
2023-08-10,5611.66
2023-08-11,5559.5
2023-08-14,5566.3
2023-08-15,5470.79
2023-08-16,5401.42
2023-08-17,5341.63
2023-08-18,5355.47
2023-08-21,5353.71
2023-08-22,5295.58
2023-08-23,5355.93
2023-08-24,5282.37
2023-08-25,5260.64
2023-08-28,5296.37
2023-08-29,5385.9
2023-08-30,5397.91
2023-08-31,5362.6
2023-09-01,5402.93
2023-09-05,5281.29
2023-09-06,5231.35
2023-09-07,5191.58
2023-09-08,5167.83
2023-09-11,5215.71
2023-09-12,5191.8
2023-09-13,5161.56
2023-09-14,5221.49
2023-09-15,5191.44
2023-09-18,5139.47
2023-09-19,5113.36
2023-09-20,5078.93
2023-09-21,5030.7
2023-09-22,4985.45
2023-09-25,5013.06
2023-09-26,4933.88
2023-09-27,4958.59
2023-09-28,5024.04
2023-09-29,5008.61
2023-10-02,4940.78
2023-10-03,4871.65
2023-10-04,4922.32
2023-10-05,4907.81
2023-10-06,4954.71
2023-10-09,4958.92
2023-10-10,5009.82
2023-10-11,4999.01
2023-10-12,4913.11
2023-10-13,4830.27
2023-10-16,4923.86
2023-10-17,4982.89
2023-10-18,4797.84
2023-10-19,4739.68
2023-10-20,4752.7
2023-10-23,4701.97
2023-10-24,4698.47
2023-10-25,4595.8
2023-10-26,4532.52
2023-10-27,4474.34
2023-10-30,4562.34
2023-10-31,4512.98
2023-11-01,4517.02
2023-11-02,4626.83
2023-11-03,4743.15
2023-11-06,4704.93
2023-11-07,4674.04
2023-11-08,4647.3
2023-11-09,4578.7
2023-11-10,4624.73
2023-11-13,4632.39
2023-11-14,4841.06
2023-11-15,4911.23
2023-11-16,4839.96
2023-11-17,4901.64
2023-11-20,4940.52
2023-11-21,4906
2023-11-22,4924.62
2023-11-24,4954.92
2023-11-27,4906.85
2023-11-28,4916.98
2023-11-29,4936.41
2023-11-30,4980.88
2023-12-01,5162.73
2023-12-04,5350.78
2023-12-05,5221.85
2023-12-06,5221.99
2023-12-07,5278.27
2023-12-08,5271.11
2023-12-11,5319.5
2023-12-12,5323.62
2023-12-13,5401.03
2023-12-14,5526.87
2023-12-15,5545.51
2023-12-18,5531.51
2023-12-19,5599.03
2023-12-20,5516.64
2023-12-21,5637.64
2023-12-22,5666.77
2023-12-26,5676
2023-12-27,5651.8
2023-12-28,5653.17
2023-12-29,5579.58
2024-01-02,5492.44
2024-01-03,5359.43
2024-01-04,5385.5
2024-01-05,5414.24
2024-01-08,5491.29
2024-01-09,5417.57
2024-01-10,5424.82
2024-01-11,5399.02
2024-01-12,5314.06
2024-01-16,5205.87
2024-01-17,5120.84
2024-01-18,5230.01
2024-01-19,5258.08
2024-01-22,5365.34
2024-01-23,5370.48
2024-01-24,5315.99
2024-01-25,5409.04
2024-01-26,5382.65
2024-01-29,5407.08
2024-01-30,5345.94
2024-01-31,5251.05
2024-02-01,5301.56
2024-02-02,5388.03
2024-02-05,5317.13
2024-02-06,5467.91
2024-02-07,5494.55
2024-02-08,5519.18
2024-02-09,5551.78
2024-02-12,5582.97
2024-02-13,5476.95
2024-02-14,5580.49
2024-02-15,5639.09
2024-02-16,5538.33
2024-02-20,5489.02
2024-02-21,5497.76
2024-02-22,5544.25
2024-02-23,5553.56
2024-02-26,5526.52
2024-02-27,5547.08
2024-02-28,5483.77
2024-02-29,5531.16
2024-03-01,5505.26
2024-03-04,5478.19
2024-03-05,5447.11
2024-03-06,5505.4
2024-03-07,5567.49
2024-03-08,5507.26
2024-03-11,5494.61
2024-03-12,5484.4
2024-03-13,5479.35
2024-03-14,5390.67
2024-03-15,5360.32
2024-03-18,5310.94
2024-03-19,5325.43
2024-03-20,5452.1
2024-03-21,5547.46
2024-03-22,5522.13
2024-03-25,5523.45
2024-03-26,5515.87
2024-03-27,5613.38
2024-03-28,5668.79
2024-04-01,5590.42
2024-04-02,5476.99
2024-04-03,5510.78
2024-04-04,5443.08
2024-04-05,5496.65
2024-04-08,5534.84
2024-04-09,5575.69
2024-04-10,5410.22
2024-04-11,5467.15
2024-04-12,5344.7
2024-04-15,5306.13
2024-04-16,5259.51
2024-04-17,5198.75
2024-04-18,5183.56
2024-04-19,5225.86
2024-04-22,5279.7
2024-04-23,5313.36
2024-04-24,5213.57
2024-04-25,5232.64
2024-04-26,5166.44
2024-04-29,5187.44
2024-04-30,5050.78
2024-05-01,5048.25
2024-05-02,5199.68
2024-05-03,5240.83
2024-05-06,5288.56
2024-05-07,5265.02
2024-05-08,5265.76
2024-05-09,5301.98
2024-05-10,5306.9
2024-05-13,5356.7
2024-05-14,5383.4
2024-05-15,5337.02
2024-05-16,5324.68
2024-05-17,5286.6
2024-05-20,5253.12
2024-05-21,5155.85
2024-05-22,5153.6
2024-05-23,5072.38
2024-05-24,5119.66
2024-05-28,5083.73
2024-05-29,5000.28
2024-05-30,5068.92
2024-05-31,5154.31
2024-06-03,5139.54
2024-06-04,5108.5
2024-06-05,5183.23
2024-06-06,5148.35
2024-06-07,5127.46
2024-06-10,5171.6
2024-06-11,5103.15
2024-06-12,5175.7
2024-06-13,5094.98
2024-06-14,5010.04
2024-06-17,5068.77
2024-06-18,5059.64
2024-06-20,5111.27
2024-06-21,5138.98
2024-06-24,5186.08
2024-06-25,5142.85
2024-06-26,5170.29
2024-06-27,5168.36
2024-06-28,5226.56
2024-07-01,5177.82
2024-07-02,5195.22
2024-07-03,5222.71
2024-07-05,5148.68
2024-07-08,5132.14
2024-07-09,5054.98
2024-07-10,5084.65
2024-07-11,5227.51
2024-07-12,5281.53
2024-07-15,5378.15
2024-07-16,5581.36
2024-07-17,5475.97
2024-07-18,5349.55
2024-07-19,5337.42
2024-07-22,5376.57
2024-07-23,5333.94
2024-07-24,5240.46
2024-07-25,5369.95
2024-07-26,5366.5
2024-07-29,5326.7
2024-07-30,5402.53
2024-07-31,5425.3
2024-08-01,5264.67
2024-08-02,5047.19
2024-08-05,4937.05
2024-08-06,5024.83
2024-08-07,4947.34
2024-08-08,5080.18
2024-08-09,5026.32
2024-08-12,4947.16
2024-08-13,5002.49
2024-08-14,4982.88
2024-08-15,5113.23
2024-08-16,5118.12
2024-08-19,5173.14
2024-08-20,5110.65
2024-08-21,5169.72
2024-08-22,5121.8
2024-08-23,5238.27
2024-08-26,5213.94
2024-08-27,5173.24
2024-08-28,5160.83
2024-08-29,5179.15
2024-08-30,5227.15
2024-09-03,5160.96
2024-09-04,5177.21
2024-09-05,5102.54
2024-09-06,5044.67
2024-09-09,5122.16
2024-09-10,5106.94
2024-09-11,5111.67
2024-09-12,5161.32
2024-09-13,5233.58
2024-09-16,5264.07
2024-09-17,5325.89
2024-09-18,5344.27
2024-09-19,5428.16
2024-09-20,5320.41
2024-09-23,5354.66
2024-09-24,5448.75
2024-09-25,5398.26
2024-09-26,5451.19
2024-09-27,5488.6
2024-09-30,5500.16
2024-10-01,5415.91
2024-10-02,5405.47
2024-10-03,5322.25
2024-10-04,5407.26
2024-10-07,5410.02
2024-10-08,5433
2024-10-09,5436.34
2024-10-10,5434.72
2024-10-11,5586.33
2024-10-14,5593.26
2024-10-15,5565.94
2024-10-16,5715.37
2024-10-17,5655.22
2024-10-18,5695.05
2024-10-21,5615.14
2024-10-22,5627.85
2024-10-23,5578.35
2024-10-24,5571.17
2024-10-25,5589.04
2024-10-28,5673.62
2024-10-29,5640.07
2024-10-30,5675.1
2024-10-31,5595
2024-11-01,5644.64
2024-11-04,5642.14
2024-11-05,5757.33
2024-11-06,6122.86
2024-11-07,6051.62
2024-11-08,6120.41
2024-11-11,6252.63
2024-11-12,6180.5
2024-11-13,6195.99
2024-11-14,6187.8
2024-11-15,6122.41
2024-11-18,6055.24
2024-11-19,6043.6
2024-11-20,6040.82
